{
  "project_info": {
    "project_number": "815595833082",
    "project_id": "social-app-11e09",
    "storage_bucket": "social-app-11e09.appspot.com"
  },
  "client": [
    {
      "client_info": {
        "mobilesdk_app_id": "1:815595833082:android:e07561c60f49e73f616b43",
        "android_client_info": {
          "package_name": "com.example.socialapp"
        }
      },
      "oauth_client": [
        {
          "client_id": "815595833082-oia4gn58rsrvso20ghdnda1uph3tofk7.apps.googleusercontent.com",
          "client_type": 1,
          "android_info": {
            "package_name": "com.example.socialapp",
            "certificate_hash": "a58ff2dcefa02cfb91952663c7f306b67b92009d"
          }
        },
        {
          "client_id": "815595833082-sukom9i0rsl5aqhn6dvqpviit0iuasmc.apps.googleusercontent.com",
          "client_type": 3
        }
      ],
      "api_key": [
        {
          "current_key": "AIzaSyAZP8imfFQH5I5n9MJwM31pDBDR6jIP8uo"
        }
      ],
      "services": {
        "appinvite_service": {
          "other_platform_oauth_client": [
            {
              "client_id": "815595833082-sukom9i0rsl5aqhn6dvqpviit0iuasmc.apps.googleusercontent.com",
              "client_type": 3
            }
          ]
        }
      }
    }
  ],
  "configuration_version": "1"
}